,process_reward
2,0.9959298621
4,0.98201379
5,0.9924227594
8,0.9978172833000001
9,0.9820137859
12,0.9770226308000001
13,0.9902915221
14,0.9896718469
15,0.9770226280000001
16,0.9953904281
17,0.9465966742
20,0.9669140233
21,0.9959298624
22,0.9579122721000001
23,0.9579122691
29,0.9859363711
30,0.9914225162
31,0.9990302479000001
34,0.9994115912
36,0.0011695100000000001
38,0.982013788
43,2.4300300000000002e-05
44,0.9940889298000001
46,0.9875683467
48,0.9914225147000001
52,0.008577483700000001
55,0.9740426449
57,0.9978172839
58,0.9046505409000001
59,0.9959298620000001
62,0.9940889317
63,0.9980732652000001
65,0.0002611904
66,0.9959298616000001
68,0.9980732656
69,0.000295957
74,0.0010322312
76,0.9953904278000001
77,0.9924227579
79,0.9990889490000001
81,0.9902915214
82,0.9046505306
86,0.9399133555
88,0.9990889487000001
90,0.9959298618
92,0.9968273171
93,0.9914225136
94,0.9914225135
95,0.9984988178
98,0.9968273173000001
99,0.9914225156
101,0.9820137882000001
102,0.8175744806
103,0.9933071490000001
104,0.9914225149
106,0.9933071487
107,0.9859363711
108,0.9989677688
109,0.9964063967000001
110,0.9740426431
112,0.0008040859
113,0.9953904275000001
114,0.9890130567000001
115,0.9796676465
116,0.9914225153
117,0.9933071492000001
118,0.991422514
119,0.987568348
120,0.0005527785
123,0.9465966659
124,0.8807970702000001
127,0.9840936047000001
128,0.9986749775
129,0.0009110513000000001
130,0.9840936113000001
131,0.9706877698
133,0.9740426405
134,0.9669140196
135,0.0179862124
136,0.9964063982
139,0.9981897889
141,0.9859363751
142,0.9875683474
143,0.9982992777
144,0.9875683474
145,0.9933071502
146,0.9984021546
147,0.9669140232000001
150,0.9964063981000001
153,0.9947798755
155,0.9978172839
158,0.9890130587
159,0.6224593312000001
164,0.9924227605
165,0.9770226326
166,0.9883127411
167,0.9875683495
168,0.9579122688
172,0.9953904271
174,0.9953904288000001
175,0.9964063969
176,0.0052201269
179,0.0007096704000000001
180,0.9924227585000001
181,0.9940889303
182,0.9902915239000001
184,0.9953904274
185,0.9940889323000001
187,0.9986749776
189,0.9465966666000001
192,0.9933071503
193,0.9947798755
194,0.9324533150000001
196,0.9978172832000001
198,0.9875683464
200,0.9953904272
202,0.9978172835
205,0.9964063968
206,0.9947798744
207,0.9875683495
210,0.9859363723000001
212,0.5312093734000001
213,0.9959298622
214,0.9985896418
215,0.9706877661000001
218,0.9971990732
219,0.9933071494000001
221,0.9971990734
222,0.9959298614000001
223,0.9796676454000001
227,0.009708477600000001
228,0.9924227592
232,0.9890130557000001
233,0.9875683493
236,0.9770226313
237,0.9820137929
241,0.9914225128
243,0.9820137926
244,0.9992903295000001
249,0.9992903297000001
250,0.9953904279
253,0.9770226288
254,0.9875683462
257,0.9964063966000001
258,0.8670357701
259,0.9046505300000001
260,0.9740426443
262,0.9796676470000001
263,0.9968273167
264,0.9933071496
266,0.9859363698
267,0.9902915243
268,0.9940889311000001
269,0.95257413
270,0.7549149869
271,0.9980732651
272,0.9902915236000001
273,0.9959298629000001
274,0.9947798749000001
275,0.9820137882000001
278,0.9978172839
279,0.9947798737
280,0.9940889316
281,0.9984988174
282,0.9902915213000001
284,0.9971990728000001
285,0.7310585786
287,0.9902915212000001
289,0.37754066880000003
290,0.9933071496
296,0.9988304899
299,0.9953904284
301,0.9890130560000001
303,0.9902915215
305,0.9984988180000001
306,0.9914225159000001
308,0.9902915215
309,0.8933094053
310,0.9525741315
312,0.9626731139
313,0.9669140236
315,0.9947798742
316,0.9933071486
318,0.9770226308000001
319,0.9914225127
320,0.9953904286
321,0.9971990729
322,0.9989677689
326,0.9989677690000001
327,0.974042645
329,0.9770226288
331,0.9914225138
334,0.9992903297000001
335,0.9914225157000001
336,0.0035936026
339,0.9465966649
340,0.9986749773
342,0.9820137915
343,0.9940889310000001
344,0.9964063969
345,0.9241418231
348,0.999512143
349,0.9933071497
351,0.9890130587
352,0.9914225138
353,0.9970189667
354,0.9669140229000001
355,0.9924227588000001
357,0.99408893
361,0.9399133563000001
362,0.9933071501
364,0.9984988176
365,0.9968273168
366,0.9964063967000001
367,0.0031726823
368,0.9902915247
369,4.7851e-06
370,0.9959298632
371,0.9980732652000001
372,0.996827317
374,0.9978172833000001
376,0.0002034271
378,0.9984988177
379,0.9890130573
380,0.998073265
382,0.9996200155
383,0.9924227603
384,0.000179528
385,0.9971990729
386,0.9933071483
389,0.9968273164
391,0.9975273767
395,0.9953904268
396,0.9579122752
397,0.997527377
405,0.9968273173000001
406,0.9964063977000001
407,0.9770226289
409,0.9399133473
410,0.9770226284
415,0.9914225139
418,0.9959298626
419,0.9968273164
420,0.9980732656
421,0.9706877678
422,0.9706877696
424,0.9875683497000001
425,0.9982992777
427,0.9964063970000001
429,0.9875683495
430,0.97702263
432,0.9796676471
433,0.9947798732
434,0.9740426432
437,0.9914225157000001
441,0.9579122674
443,0.9579122755
444,3.2887e-06
445,0.9914225166
446,0.9399133559
448,0.9947798751
450,0.9980732649
453,0.9986749773
454,0.9971990731
455,0.9706877696
458,0.9940889298000001
461,0.9986749773
463,0.9956684979
464,0.9953904286
466,0.9914225144000001
467,0.9971990728000001
475,0.9959298619
477,0.9924227577
479,0.9046505274000001
480,0.9964063977000001
482,0.9997388097000001
483,0.9993736659
485,0.9986749776
486,0.0059110682
487,0.8670357478
488,0.9953904284
489,0.9989677688
490,0.9953904277000001
491,0.0046095713
493,0.9978172841
494,0.9975273768
495,0.9626731136000001
496,5.82912e-05
497,0.9964063973
498,0.9933071479000001
